[
  {
    "categoryid": null,
    "categoryName": null,
    "ticketId": null,
    "sapId": null,
    "timeSheetId": 12,
    "area": "helloo",
    "appId": 1,
    "applicationName": "Incident Capacity",
    "taskDesc": null,
    "tdDate": "2/2/2016",
    "ticketStatusId": null,
    "ticketStatus": null,
    "workHours": 8,
    "empId": 127,
    "areaId": null,
    "areaDesc": null,
    "date": "13/12/2017"
  },
  {
    "categoryid": null,
    "categoryName": null,
    "ticketId": null,
    "sapId": null,
    "timeSheetId": 13,
    "area": "Some area",
    "appId": 1,
    "applicationName": "Some Capacity",
    "taskDesc": null,
    "tdDate": "2/12/2016",
    "ticketStatusId": null,
    "ticketStatus": null,
    "workHours": 8,
    "empId": 127,
    "areaId": null,
    "areaDesc": null,
    "date": "12/12/2017"
  }
]